epoch,loss_train,loss_val,avg_dice_train,avg_iou_train,avg_dice_val,avg_iou_val,dice_class_0_train,iou_class_0_train,dice_class_0_val,iou_class_0_val,dice_class_1_train,iou_class_1_train,dice_class_1_val,iou_class_1_val,dice_class_2_train,iou_class_2_train,dice_class_2_val,iou_class_2_val
0,1.138056656893562,1.1221627473831177,0.9953182529425753,0.9895259481476704,0.9882812500005456,0.9882812500004216,1.3844233810901643,0.2573056221008301,1.0422024571479782e-11,8.916937338249858e-12,0.41704937219619753,0.061337103694677354,1.1969005300760394e-10,9.088820928510044e-11,1.2914918440243283e-11,8.071657231489837e-12,9.540579480951661e-12,8.109898874415072e-12
1,1.1349107868531172,1.1380380153656007,0.9953573438455858,0.9895792648807719,0.9882812500019185,0.9882812500018257,1.396006566286087,0.2571070730686188,9.8104864076215e-12,8.274608374794074e-12,0.4154734581708908,0.07518473640084267,4.717966885225966e-10,4.5098647819680204e-10,1.2998011000853183e-11,8.128027417786398e-12,9.537121309702301e-12,8.106413381270966e-12
2,1.13810511897592,1.1572763681411744,0.9953326925635835,0.9895918604015914,0.9883093291642433,0.9882871822104071,1.374092274904251,0.2528942495584488,9.95801704983812e-12,8.43019230811759e-12,0.43107702136039733,0.08262201324105263,0.00718826602678746,0.0015186458476819098,1.2764304890833244e-11,7.947092636739761e-12,9.54055823058908e-12,8.108582761397892e-12
